﻿<?xml version="1.0" encoding="UTF-8" standalone="yes"?>
<addon id="repository.tva.common" name="Blocked" version="99999999.0.0" provider-name="Durex">
    <extension point="xbmc.addon.repository" name="TVADDONS.CO Resolvers Repository">
		<info compressed="false">https://raw.githubusercontent.com/drxbld2/repo/master/addons.xml</info>
		<checksum>https://raw.githubusercontent.com/drxbld2/repo/master/addons.xml.md5</checksum>
		<datadir zip="true">https://raw.githubusercontent.com/drxbld2/repo/master/</datadir>
    </extension>
    <extension point="xbmc.addon.metadata">
        <summary>Unofficial Resolvers for the Kodi Media Center</summary>
        <description>Unofficial Resolvers for the Kodi Media Center. Please visit www.tvaddons.co for support!</description>
        <platform>all</platform>
    </extension>
</addon>