<?xml version="1.0" encoding="UTF-8" standalone="yes"?>
<addon id="repository.pulse" name="Pulse Repo" version="999" provider-name="Pulse">
        <requires>
            <import addon="xbmc.addon" version="12.0.0"/>
        </requires>
		<extension point="xbmc.addon.repository" name="Pulse Repository">
			<info compressed="false">https://raw.githubusercontent.com/steadfasttv/repo/master/addons.xml</info>
			<checksum>https://raw.githubusercontent.com/steadfasttv/repo/master/addons.xml.md5</checksum>
			<datadir zip="true">https://raw.githubusercontent.com/steadfasttv/repo/master/</datadir>
		</extension>
		<extension point="xbmc.addon.metadata">
			<summary>Pulse Repository!</summary>
			<description>Pulse Repository!</description>
			<disclaimer>All Add-Ons Within This Repo Are Supplied/Created And/Or Modified By 3rd Party Developers</disclaimer>
			<platform>all</platform>
		</extension>
</addon>