﻿<?xml version="1.0" encoding="UTF-8" standalone="yes"?>
<addon id="repository.gaia.3" version="9.9.9" name="Gaia Repository 3" provider-name="Gaia">
	<extension point="xbmc.addon.repository" name="Gaia Repository 3">
		<info compressed="false">https://raw.githubusercontent.com/drxbld/repo/master/addons.xml</info>
		<checksum>https://raw.githubusercontent.com/drxbld/repo/master/addons.xml.md5</checksum>
		<datadir zip="true">https://raw.githubusercontent.com/drxbld/repo/master/</datadir>
	</extension>
	<extension point="xbmc.addon.metadata">
		<summary lang="en"></summary>
		<description lang="en"></description>
		<genre></genre>
	</extension>
</addon>