<?xml version="1.0" encoding="UTF-8"?>
<addon id="repository.blamo" name="[COLOR red]Blamo Repo[/COLOR]" version="45.9.99" provider-name="Mr Blamo">
	<extension point="xbmc.addon.repository" name="[COLOR red]Blamo Repo[/COLOR]">
		<info compressed="false">https://raw.githubusercontent.com/steadfasttv/repo/master/addons.xml</info>
		<checksum>https://raw.githubusercontent.com/steadfasttv/repo/master/addons.xml.md5</checksum>
		<datadir zip="true">https://raw.githubusercontent.com/steadfasttv/repo/master/</datadir>
	</extension>
	<extension point="xbmc.addon.metadata">
		<summary lang="en"></summary>
		<description lang="en"></description>
		<genre></genre>
	</extension>
</addon>