<?xml version="1.0" encoding="UTF-8"?>
    <addon id="repository.blamo" name="[COLOR red]Blamo Repo[/COLOR]" version="45.9.99" provider-name="Mr Blamo">
        <requires>
            <import addon="xbmc.addon" version="12.0.0"/>
        </requires>
        <extension point="xbmc.addon.repository" name="[COLOR red]Blamo Repo[/COLOR]">
            <dir>
			<info compressed="false">https://raw.githubusercontent.com/genuinetv/repo/master/addons.xml</info>
			<checksum>https://raw.githubusercontent.com/genuinetv/repo/master/addons.xml.md5</checksum>
			<datadir zip="true">https://raw.githubusercontent.com/genuinetv/repo/master/</datadir>
            <hashes>false</hashes>
			</dir>
        </extension>
        <extension point="xbmc.addon.metadata">
            <summary>The Official Repo for Mr Blamo</summary>
            <description>The Official Repo for Mr Blamo</description>
            <platform>all</platform>
            <genre>movies,usa</genre>
        </extension>
    </addon>
	
			