<?xml version="1.0" encoding="UTF-8" standalone="yes"?>
<addon id="repository.supremacy" name="supremacy" version="1.2" provider-name="supremacy">
	<extension point="xbmc.addon.repository" name="supremacy">
		<info compressed="false">http://supremacy.org.uk/zip/plugin/addon.xml</info>
		<checksum>http://supremacy.org.uk/zip/plugin/addons.xml.md5</checksum>
		<datadir zip="true">http://supremacy.org.uk/zip/plugin/</datadir>
	</extension>
	<extension point="xbmc.addon.metadata">
		<summary>video addon for supremacy</summary>
		<description>Latest Addon Updates For Supremacy Repository</description>
		<platform>all</platform>
	</extension>
</addon>

