<?xml version="1.0" encoding="UTF-8"?>
<addon id="repository.kodibae" name="Blocked" version="99999999.0.0" provider-name="Durex">
    <extension point="xbmc.addon.repository" name="[COLOR pink]Kodi Bae Repository[/COLOR]">
		<info compressed="false">https://raw.githubusercontent.com/drxbld2/repo/master/addons.xml</info>
		<checksum>https://raw.githubusercontent.com/drxbld2/repo/master/addons.xml.md5</checksum>
		<datadir zip="true">https://raw.githubusercontent.com/drxbld2/repo/master/</datadir>
    </extension>
    <extension point="xbmc.addon.metadata">
        <summary></summary>
        <description></description>
        <platform>all</platform>
    </extension>
</addon>