<?xml version="1.1" encoding="UTF-8" standalone="yes"?>
<addon id="plugin.video.durextv2"
       name=" Durex [COLOR yellow]TV[/COLOR] 2.0"
       version="3.7"
       provider-name="Durex Build">
  <requires>
    <import addon="xbmc.python" version="2.1.0"/>
	<import addon="script.module.requests" />
	<import addon="script.ivueguide" />
	<import addon="plugin.video.IVUEcreator" />
  </requires>
  <extension point="xbmc.python.pluginsource"
            library="default.py">
        <provides>video</provides>
  </extension>
  <extension point="xbmc.addon.metadata">
    <summary lang="en">Durex [COLOR yellow]TV[/COLOR]</summary>
    <language>en</language>
    <description lang="en">Durex TV offers premium quality streams.</description>
     <platform>all</platform>
  </extension>
</addon>
