<?xml version="1.0" encoding="UTF-8" standalone="yes"?>
<addon id="plugin.program.drxwizard" name="Durex Wizard" version="6.0" provider-name="Durex">
  <requires>
    <import addon="xbmc.python" version="2.1.0"/>
  </requires>
  <extension point="xbmc.python.pluginsource" library="default.py">
    <provides>video executable</provides>
  </extension>
  <extension point="xbmc.service" library="startup.py" start="startup" />
  <extension point="xbmc.addon.metadata">
    <summary lang="en">Durex Wizard</summary>
    <description lang="en">Durex Wizard allows you to get access to the latest Durex Custom Builds.</description>
    <platform>all</platform>
  </extension>
</addon>