<?xml version="1.1" encoding="UTF-8" standalone="yes"?>
<addon id="plugin.video.durextv2"
       name=" "
       version="12.18.18"
       provider-name=" ">
  <requires>
    <import addon="xbmc.python" version="2.1.0"/>
	<import addon="script.module.requests" />
  </requires>
  <extension point="xbmc.python.pluginsource"
            library="default.py">
        <provides>video executable</provides>
  </extension>
  <extension point="xbmc.addon.metadata">
    <summary lang="en"></summary>
    <language>en</language>
    <description lang="en"></description>
     <platform>all</platform>
  </extension>
</addon>
